Pearson_r,Variance_obs,Variance_mod,SD_obs,SD_mod,Covariance,Bias,MAE,RMSE,NSE,lnlikelihood,par_id
0.799022376695581,42.2228959302156,69.3834519132762,6.49880504531946,8.33081426317989,43.2474894818857,4.60758564141635,4.63497451564708,6.80743816150441,-0.0975375634891893,-87926.8417851364,p0001
0.826443931448492,42.2228959302156,68.5123877447054,6.49880504531946,8.2783551147503,44.4500194327766,4.91102998648894,4.92055288629588,6.77889816545147,-0.0883540630067485,-87219.1907622464,p0002
0.789099104137239,42.2228959302156,69.5565459283895,6.49880504531946,8.34119941847267,42.7636299206754,6.84770074180722,6.85127935074588,8.55237905302387,-0.732311009351175,-136840.442772745,p0003
0.796501945053907,42.2228959302156,68.8174403056528,6.49880504531946,8.29676440341702,42.934865476534,3.05927823283217,3.76188899215133,5.87620528816694,0.182202266614999,-66370.9898205401,p0004
0.835724986358282,42.2228959302156,68.2073854213475,6.49880504531946,8.25990783830995,44.8490343159614,5.09671534998531,5.10421737783319,6.83437781209206,-0.106241508294805,-88597.5397893068,p0005
0.972332243668094,42.2228959302156,48.5101239758651,6.49880504531946,6.96587525462563,44.0052901010676,-0.490335710875609,1.36404014579413,1.72129858342635,0.929827910946647,-8761.36123047972,p0006
0.812230679246526,42.2228959302156,69.1356243216113,6.49880504531946,8.31592272567266,43.8838116505337,5.69591333598665,5.70123322900118,7.48560790329216,-0.3271075904988,-105616.770015537,p0007
0.808816783859416,42.2228959302156,66.7458265236844,6.49880504531946,8.17093128491971,42.9374472513468,1.57814980290529,3.67145473197625,5.05810090366102,0.394063713822441,-50045.627817897,p0008
0.802186545983483,42.2228959302156,68.3600819289187,6.49880504531946,8.26914843566553,43.0973601982155,3.29581455788639,3.73014565313625,5.93722587263439,0.165129480437814,-67686.5638355867,p0009
0.808486948517708,42.2228959302156,69.2129213966723,6.49880504531946,8.32057023511637,43.7059547931585,5.58350789229606,5.58929150377224,7.42963445425839,-0.307334963834192,-104093.154972321,p0010
0.788806658892033,42.2228959302156,70.3125744294574,6.49880504531946,8.38640825548439,42.9794720404127,4.64160939397158,4.67812177364541,6.93693477301415,-0.139691226404402,-91175.0675284186,p0011
0.790076896877385,42.2228959302156,70.0877410547056,6.49880504531946,8.37298921758766,42.9798011959596,5.48445093630603,5.49358593490995,7.51200616784559,-0.336484279974918,-106339.307561191,p0012
0.792504544483737,42.2228959302156,69.9474168596113,6.49880504531946,8.3646031458297,43.068684826977,5.1653487780103,5.17864754101305,7.26042499681426,-0.248464132386576,-99556.7579664138,p0013
0.791176816523881,42.2228959302156,69.1710835392502,6.49880504531946,8.31805504396998,42.7572584239129,7.27759017829387,7.28075125646034,8.87934577684863,-0.867299238667757,-147242.201746529,p0014
0.788181751473248,42.2228959302156,69.7324286488439,6.49880504531946,8.3517386608679,42.7678855823541,6.66140547490968,6.66520658765574,8.41390969261663,-0.676670317273201,-132552.949921999,p0015
0.815456387915898,42.2228959302156,69.032924446035,6.49880504531946,8.30974384437449,44.0253567097272,5.94516579211135,5.94999837933635,7.65180392146109,-0.386690845394797,-110208.064081986,p0016
0.859359639151295,42.2228959302156,67.2294427058908,6.49880504531946,8.20047966761585,45.7855796418014,5.90168592730672,5.90924113577975,7.26023939943264,-0.248400304521812,-99551.8395963571,p0017
0.797407289317742,42.2228959302156,68.1795463710864,6.49880504531946,8.25822201311431,42.7839879671252,1.73067216443648,3.82120315228861,5.27538553167509,0.340886220741403,-54143.3144729446,p0018
0.781791073379149,42.2228959302156,71.1483447591325,6.49880504531946,8.43610353174114,42.8496339366847,1.71962748580444,4.09067277723129,5.53435556374118,0.274585723429878,-59252.2176444881,p0019
0.798218202911501,42.2228959302156,69.5483196369931,6.49880504531946,8.34070615673136,43.2552629577718,5.51650239193356,5.52385537637788,7.46273999894635,-0.319011570971357,-104992.916778867,p0020
0.823283920663059,42.2228959302156,67.3820246774354,6.49880504531946,8.20978017764553,43.9132590790581,3.76167247310163,3.84660523278376,5.99404556576152,0.149073471800544,-68923.7882422733,p0021
0.787439627171138,42.2228959302156,70.1445714294119,6.49880504531946,8.37638313275952,42.8536983185694,5.94342845805846,5.94906723295309,7.87301800827027,-0.468028452169491,-116475.678565547,p0022
0.806499862641426,42.2228959302156,69.2138690624165,6.49880504531946,8.32062719769095,43.5988334942397,6.09819469255984,6.10261150046569,7.8375427598526,-0.454828598541467,-115458.540281542,p0023
0.785574169115239,42.2228959302156,69.874499136671,6.49880504531946,8.36024210662292,42.6697950710978,2.01449285905507,3.95732720390714,5.55121485837783,0.270159335948763,-59593.3008332686,p0024
0.80396362767299,42.2228959302156,69.0035751160375,6.49880504531946,8.30797721385935,43.395650794465,4.49270466936786,4.52186394032087,6.67978777383554,-0.0567623020748804,-84784.8312300531,p0025
0.798055288093345,42.2228959302156,68.828141430322,6.49880504531946,8.29740945253972,43.0219418877036,3.32243629348438,3.78244910618864,6.00381016600231,0.14629880979818,-69137.5947758387,p0026
0.784922774519874,42.2228959302156,70.2432726974675,6.49880504531946,8.38227431570261,42.7467702986817,2.3939884854455,3.93063747843824,5.71872441185667,0.225448463960953,-63038.5768864438,p0027
0.804645418994881,42.2228959302156,67.2644032942895,6.49880504531946,8.20261159316031,42.881621432923,1.45768897792009,3.75946628469133,5.08418267915394,0.387798658866721,-50528.3928110883,p0028
0.853956046476753,42.2228959302156,67.0797914752683,6.49880504531946,8.19134754095962,45.4470165307808,4.79889869856546,4.80872609320635,6.43724188321487,0.0185873765858476,-78978.6272362006,p0029
0.805484578895125,42.2228959302156,68.5262973013234,6.49880504531946,8.27919541830076,43.3271249588544,3.87381083077419,3.98954197584176,6.25310752078146,0.0739300844954169,-74714.0960874749,p0030
0.796733835449437,42.2228959302156,68.3963633715729,6.49880504531946,8.27134252927354,42.8157715905622,1.88616898517779,3.81118356044206,5.34278481330764,0.323936718871927,-55449.3885955892,p0031
0.807465564936541,42.2228959302156,69.242607805632,6.49880504531946,8.32235444943051,43.6601000789583,5.76220350058409,5.76738710658328,7.57286555803512,-0.358227366849911,-108014.759933333,p0032
0.936951339952419,42.2228959302156,56.4920536773127,6.49880504531946,7.51714940611161,45.7598641629644,1.63603445099891,1.95641374118662,3.14194684971831,0.766197230460682,-21370.2154079771,p0033
0.79362663755324,42.2228959302156,68.8293061183969,6.49880504531946,8.29747965531404,42.7835620803551,2.51429982613898,3.78863916711074,5.63975012776495,0.24669351064423,-61401.5018903123,p0034
0.784637737650812,42.2228959302156,70.5923391532461,6.49880504531946,8.40307591423046,42.8372898462307,3.08394505626806,3.92704280278643,6.0540377023174,0.131955028341577,-70242.8804606691,p0035
0.791447810329507,42.2228959302156,70.0123740728225,6.49880504531946,8.36848617145355,43.0312233101958,4.38787766220755,4.44547374370191,6.7399030973113,-0.0758687380473682,-86257.1117602893,p0036
0.794076270712105,42.2228959302156,69.3197904007797,6.49880504531946,8.32699149325943,42.9600568202085,3.29872802548494,3.82480147113484,6.04186885629754,0.135441128030847,-69974.2528261712,p0037
0.808539891881658,42.2228959302156,68.4729414088406,6.49880504531946,8.27597162029152,43.4745357149017,4.09071494102502,4.15268693194165,6.36244564911782,0.0412615301214018,-77231.4298605073,p0038
0.839323024425472,42.2228959302156,63.4518264347637,6.49880504531946,7.96675688475948,43.4435402578259,1.9893258952989,3.14555956853295,4.76917805990029,0.461309820988441,-44863.8589910346,p0039
0.850584305605088,42.2228959302156,62.3294852662507,6.49880504531946,7.89598420194413,43.6353178438957,1.8575526360006,2.98924437175522,4.55326776109067,0.50898092498314,-41190.4769763394,p0040
0.804786154864005,42.2228959302156,69.1363125289533,6.49880504531946,8.31596411580177,43.4818096904018,4.8425196046679,4.85807232309275,6.91705032509944,-0.133166831546459,-90672.318636121,p0041
0.807015423657388,42.2228959302156,69.150165355131,6.49880504531946,8.31679720792898,43.606622973191,6.26720921397429,6.27136282344996,7.96478039061271,-0.502448500347683,-119127.976820204,p0042
0.796646039747396,42.2228959302156,68.9308347483619,6.49880504531946,8.30359711715359,42.977997754606,3.21703193948298,3.77918206738412,5.96213297981681,0.158110099132708,-68227.4547921572,p0043
0.791188183827242,42.2228959302156,69.9052735304234,6.49880504531946,8.36208292883744,42.9841923195435,5.82047362708775,5.82648305457638,7.74839970995147,-0.42192279194691,-112922.924615143,p0044
0.894965408701585,42.2228959302156,65.1455539930121,6.49880504531946,8.07238545791925,46.9377912285789,5.26831309025001,5.27899279891729,6.42245983116825,0.0230895021709852,-78631.7079126167,p0045
0.798901249888662,42.2228959302156,69.469591516729,6.49880504531946,8.33598401494468,43.2677669308035,5.97643959302817,5.98126769098313,7.80222941180612,-0.441748190248817,-114450.606071073,p0046
0.822420049261814,42.2228959302156,68.7969007721326,6.49880504531946,8.29552616797006,44.3253460324843,5.30334981462559,5.30997983095776,7.10595693018673,-0.195906220575784,-95506.8142521427,p0047
0.845649430334149,42.2228959302156,67.8588560772862,6.49880504531946,8.23877737529382,45.2655327574655,5.82609341225268,5.83265755820098,7.31396273854775,-0.266944148721534,-100980.768613276,p0048
0.811437180801103,42.2228959302156,66.8242049534061,6.49880504531946,8.17572736654229,43.1018401790965,2.75119143811416,3.53647023968409,5.51475066114337,0.279716035943015,-58856.8922558079,p0049
0.803524053170234,42.2228959302156,68.1814084700041,6.49880504531946,8.25833478536124,43.1127647560769,3.25042069204739,3.70404250326237,5.89440493717183,0.177128692906824,-66761.9430993212,p0050
0.798879341494138,42.2228959302156,69.4003797014988,6.49880504531946,8.33183045403862,43.2450220041394,6.23431101479582,6.23855178689632,7.99999159078559,-0.515762101169389,-120153.880097265,p0051
0.788953262127744,42.2228959302156,69.8889497373289,6.49880504531946,8.36110654412216,42.8577672223494,6.25138105393509,6.25581586703003,8.09172888228123,-0.550724431894974,-122847.964901625,p0052
0.781992440061093,42.2228959302156,70.499406541399,6.49880504531946,8.39754289899766,42.6647586789699,1.8992795417803,4.03410491415784,5.56776866361202,0.265800054483813,-59929.2130481845,p0053
0.784320640237656,42.2228959302156,70.6333298474285,6.49880504531946,8.40551525772854,42.8324082017075,3.04803242617899,3.92979136912441,6.04002574872555,0.135968525096821,-69933.6133038105,p0054
0.803015072123644,42.2228959302156,67.6809536596988,6.49880504531946,8.22797067741009,42.9270396933603,2.72305982251453,3.65079037220228,5.60935156682006,0.25479235123544,-60777.4312715378,p0055
0.793567155827222,42.2228959302156,69.4957827007767,6.49880504531946,8.33755526872801,42.9869783455252,6.52691861915249,6.53080421183397,8.26712698589911,-0.618680744066913,-128084.459842988,p0056
0.799128922543359,42.2228959302156,69.2884514473248,6.49880504531946,8.32510899550225,43.2236348068024,4.37063944460365,4.41504816313937,6.64579317453236,-0.0460335783613146,-83958.1102727531,p0057
0.790078814267507,42.2228959302156,69.4191043257807,6.49880504531946,8.33295436628373,42.7744001455512,6.97514037852837,6.97856682626002,8.64556436937871,-0.770266620001804,-139765.180104951,p0058
0.87181213035481,42.2228959302156,56.1743702769188,6.49880504531946,7.4959832399099,42.4586344379089,0.131561817034448,2.90753638699931,3.67386796755383,0.68033206757476,-27986.7088097051,p0059
0.825035650118204,42.2228959302156,64.7911082127229,6.49880504531946,8.05039527389131,43.1523476139397,2.26235946906002,3.32832935725079,5.08208414750333,0.388303935263192,-50489.4578364031,p0060
0.949436967027233,42.2228959302156,57.5769432693207,6.49880504531946,7.58898689531696,46.8127816553577,2.10581291924177,2.25100899853698,3.25710361205574,0.748744757886805,-22715.0468360885,p0061
0.793385507264961,42.2228959302156,69.576465043609,6.49880504531946,8.34239368003787,43.0020788630718,3.60778357466131,3.91870752842226,6.22987203474332,0.0807995350810918,-74184.7583101274,p0062
0.845198584505407,42.2228959302156,67.5755558427627,6.49880504531946,8.22156157717964,45.1468633916303,4.83194473964249,4.84156388774547,6.54617559775756,-0.0149094232546558,-81559.7829421317,p0063
0.784146812359613,42.2228959302156,70.5907550048466,6.49880504531946,8.40298162783833,42.8100074311712,2.83580561457358,3.92818656872195,5.9359438639838,0.16548998404556,-67658.7845865667,p0064
0.796108836487885,42.2228959302156,69.6364463625389,6.49880504531946,8.34598886108814,43.1682808067473,4.70482978845885,4.7299103025955,6.90349216104644,-0.128728926987794,-90330.347978371,p0065
0.799759415631715,42.2228959302156,68.4393123614844,6.49880504531946,8.27393908586182,42.9918554482625,3.08559451537303,3.72194754918903,5.84802453042693,0.190027349971482,-65768.0140541641,p0066
0.785977246839106,42.2228959302156,70.6412794058091,6.49880504531946,8.40598825152915,42.9252922273051,4.46269134690056,4.52268405136824,6.85048939413205,-0.111463434831151,-88999.9246600832,p0067
0.786476554004157,42.2228959302156,69.9948746051361,6.49880504531946,8.36744026201767,42.7555904671554,2.45108838241123,3.90265199060374,5.71965242470486,0.225197061009237,-63057.9491896608,p0068
0.949198415392031,42.2228959302156,58.5847656928189,6.49880504531946,7.65511728925117,47.2088435198245,2.35653877422968,2.47695932755056,3.45590068981062,0.717138076043555,-25150.5561257433,p0069
0.789183147755057,42.2228959302156,69.4514886520232,6.49880504531946,8.33489782010909,42.7358740427977,2.35104952837599,3.8650068717938,5.6329450895176,0.248510324020345,-61261.5040924719,p0070
0.814793991351121,42.2228959302156,69.0277399634126,6.49880504531946,8.30943180101394,43.9879429647322,5.30779818287116,5.31490791367228,7.17268928047592,-0.218473304135381,-97245.7611597109,p0071
0.791729219791995,42.2228959302156,68.8328287403319,6.49880504531946,8.29769198136758,42.682366501551,2.13257785087703,3.84123184613547,5.498988994124,0.283827428429483,-58540.0815686288,p0072
0.830720995865502,42.2228959302156,68.5054698389921,6.49880504531946,8.27793715875901,44.6778041602536,6.03164158888052,6.03709606418345,7.59956957369388,-0.367823225599362,-108754.185958577,p0073
0.803052037682896,42.2228959302156,69.2296605137197,6.49880504531946,8.32157633756178,43.4173985130093,6.36479261299358,6.36879392813488,8.07021340636877,-0.54248880825171,-122213.354220607,p0074
0.900942916869803,42.2228959302156,64.6320322231206,6.49880504531946,8.04050648167656,47.064688592356,5.06082990486479,5.07196307044033,6.19173241464761,0.0920198757100718,-73320.1549338382,p0075
0.794092748883199,42.2228959302156,69.5773071077001,6.49880504531946,8.34244416268953,43.0406723318202,3.79231361195635,3.99882230209715,6.33249563013704,0.0502664485169088,-76537.5397991081,p0076
0.945380056161019,42.2228959302156,55.8439115639432,6.49880504531946,7.47390229121236,45.9058845242067,1.52714564292806,1.84581762860263,2.93039455713042,0.796621902139252,-19025.7880215358,p0077
0.84363371203744,42.2228959302156,63.5639460206533,6.49880504531946,7.97379242097918,43.7052249161871,2.2929956879585,3.08188417267339,4.86150402072146,0.440251057564771,-46486.579598068,p0078
0.792422882412383,42.2228959302156,69.6970690866911,6.49880504531946,8.34962091397427,42.987112512626,3.60977955749174,3.92838842402464,6.24309606247893,0.0768930556123313,-74485.7790589424,p0079
0.793170005534683,42.2228959302156,69.0344035870118,6.49880504531946,8.30983286868344,42.8226046722901,7.33626317963625,7.33938117252522,8.91251073567566,-0.881274267516311,-148319.072540896,p0080
0.791544219852903,42.2228959302156,69.8434167587927,6.49880504531946,8.35838245029616,42.9845048938127,3.69258612034837,3.96982600359367,6.30337172928682,0.0589822350593706,-75865.9293087665,p0081
0.788578642099593,42.2228959302156,70.2372729829625,6.49880504531946,8.38191632891756,42.9440341547293,5.39271590041793,5.40342879201448,7.46012636530642,-0.318087832684947,-104921.736476268,p0082
0.78589469668168,42.2228959302156,70.4562131962224,6.49880504531946,8.3949700153302,42.8645249781278,3.25749438781166,3.92362754412951,6.12872979146632,0.110403774319822,-71903.5508098694,p0083
0.804269988274435,42.2228959302156,68.9673137683096,6.49880504531946,8.3057940078562,43.4007792196862,4.45978832490099,4.49061064157727,6.65419891212127,-0.0486813418780527,-84162.1384169856,p0084
0.791223877158538,42.2228959302156,69.6702144858556,6.49880504531946,8.34801218535286,42.9137994129401,6.41511984354436,6.41917943707661,8.19873613413846,-0.59201003901592,-126029.301056138,p0085
0.799893233160845,42.2228959302156,69.3670021398112,6.49880504531946,8.32982664922351,43.2894924710509,4.73081308255215,4.75196511059358,6.88414886169464,-0.122412485119411,-89843.6232748952,p0086
0.789447600393144,42.2228959302156,70.2168242294796,6.49880504531946,8.38069609206529,42.9850967964847,4.23002059141955,4.31950358810711,6.66052556263837,-0.050676411297794,-84315.8720524676,p0087
0.795277343460938,42.2228959302156,69.3749681369649,6.49880504531946,8.33030492757204,43.0421559628783,6.60231759786822,6.60609354857485,8.3128905805709,-0.636651117411677,-129469.199039491,p0088
0.799802200901777,42.2228959302156,69.4824835969448,6.49880504531946,8.33675746982445,43.3205807506341,5.50893371824212,5.51613391378715,7.44396189793293,-0.312382003107058,-104482.063592823,p0089
0.788764400497257,42.2228959302156,69.8642293352359,6.49880504531946,8.35962771093907,42.8399293608798,6.33230067298857,6.33655813615839,8.15507807177978,-0.575100354716096,-124726.2951474,p0090
0.809254689146699,42.2228959302156,69.1975120564514,6.49880504531946,8.31964395117902,43.7425878776056,5.66226311863174,5.66768115414796,7.48307796672419,-0.326210687884172,-105547.65758353,p0091
0.940051119778373,42.2228959302156,48.1311230999393,6.49880504531946,6.93861033080598,42.3778068635846,-0.547878502220329,2.00969266834428,2.42869844900121,0.860299109612713,-14119.0271312271,p0092
0.80278712459451,42.2228959302156,69.3701087643977,6.49880504531946,8.3300131741831,43.4470801003079,5.46256088908437,5.46974968345884,7.38501292896307,-0.291678715052864,-102886.734774934,p0093
0.799329448156133,42.2228959302156,68.0649544426685,6.49880504531946,8.25127914240061,42.8510630758687,2.03508971571332,3.75009662496934,5.35978678420597,0.319627094749059,-55781.4743753689,p0094
0.818302510235478,42.2228959302156,68.7990366500469,6.49880504531946,8.295654938986,44.1041107877061,6.62991603762091,6.63404912303187,8.17126047013271,-0.581357607045888,-125208.458895322,p0095
0.906552055900696,42.2228959302156,53.6940601657231,6.49880504531946,7.32862708142337,43.1648144235895,0.329270272119644,2.33415916847916,3.11379931287511,0.770367570787038,-21048.8623897693,p0096
0.790014194247802,42.2228959302156,70.1386324923232,6.49880504531946,8.37602852324045,42.9919901738326,4.06497572396581,4.19355651641358,6.54992944323105,-0.0160737383388165,-81649.5013193287,p0097
0.79543962010359,42.2228959302156,69.5625618554635,6.49880504531946,8.34156012472809,43.1091054857629,6.14873668640709,6.15323437028285,7.96079202422233,-0.500944173930284,-119012.058262779,p0098
0.815436308752829,42.2228959302156,68.1180681199033,6.49880504531946,8.25449790833642,43.7315846822355,4.09004417028304,4.13880728995374,6.29335014126135,0.0619720621253946,-75635.5428471355,p0099
0.944877295986228,42.2228959302156,58.4643120881591,6.49880504531946,7.64724356206214,46.9455945976803,2.38490647604653,2.48804640267445,3.53324181489223,0.704335824261423,-26137.0564897649,p0100
0.882052629680303,42.2228959302156,65.8736817723178,6.49880504531946,8.11737237671548,46.5183686647872,5.25155023872383,5.26127768533034,6.52982544045392,-0.00984594598321098,-81169.6076623057,p0101
0.791741606573857,42.2228959302156,70.0251611130934,6.49880504531946,8.36925034554105,43.0511279729171,4.79829596169769,4.82269838872564,7.01209278557544,-0.164520910995412,-93088.3631973695,p0102
0.783060438948282,42.2228959302156,70.7952536577702,6.49880504531946,8.41514437981276,42.8125763162391,1.5785684700133,4.09078261021075,5.46670608044988,0.292211613826293,-57894.0231964976,p0103
0.805449531226276,42.2228959302156,69.2087588637444,6.49880504531946,8.32032002772995,43.5404458648204,5.13702990992757,5.1471557509404,7.1231902515523,-0.201713862632033,-95954.3324778499,p0104
0.797390092947842,42.2228959302156,69.5060967023443,6.49880504531946,8.33817394200853,43.1972693159454,6.05817532745162,6.06284243769554,7.87628988158846,-0.469248873912943,-116569.72034153,p0105
0.798546263719026,42.2228959302156,69.5291430538615,6.49880504531946,8.33955618450446,43.2670742415632,5.15624895231055,5.167849243056,7.19755470692334,-0.226936064375482,-97897.8742566537,p0106
0.78725117623125,42.2228959302156,70.2159880287278,6.49880504531946,8.38064618974264,42.8652471653073,5.80953093880189,5.81606526060997,7.77554109739157,-0.43190176858427,-113691.872473133,p0107
0.791554150820948,42.2228959302156,69.2669924801708,6.49880504531946,8.3238197324941,42.807296886531,7.09758998219332,7.10088778550022,8.73218633520011,-0.80591777311249,-142512.343347793,p0108
0.78711068868644,42.2228959302156,70.4654239436657,6.49880504531946,8.39551873501098,42.9336540960329,5.00427551371524,5.0241229286653,7.2016515535664,-0.22833320539415,-98005.5334518454,p0109
0.808901025485237,42.2228959302156,67.8691279988103,6.49880504531946,8.23940091124189,43.3017580501808,3.41338757435606,3.70111756288629,5.92787673298229,0.167756692494272,-67484.119320812,p0110
0.883430661476122,42.2228959302156,63.2913697105382,6.49880504531946,7.95667735702808,45.6687078678613,3.2149119001435,3.2755733475929,4.95101084938374,0.419449853197449,-48089.4535322529,p0111
0.789302996492058,42.2228959302156,70.0943279248455,6.49880504531946,8.37338265655498,42.9397189917801,5.65659162778422,5.66404519742875,7.64426678727393,-0.383960370970247,-109997.662501107,p0112
0.807908486104854,42.2228959302156,69.2133688549111,6.49880504531946,8.32059713111794,43.6748249001756,5.41747881816135,5.42443286710284,7.30997207450224,-0.265561978939554,-100874.263053452,p0113
0.838438584955368,42.2228959302156,68.168484336127,6.49880504531946,8.25755204351758,44.9818262540514,5.4586405431407,5.46518033438523,7.08692347478503,-0.189508280542107,-95013.80956206,p0114
0.794335282608719,42.2228959302156,69.648193823123,6.49880504531946,8.34669280310206,43.0757443686382,6.04776118775737,6.05254944007412,7.89271920191049,-0.475384741566883,-117042.530576574,p0115
0.78977884715069,42.2228959302156,69.8866615863661,6.49880504531946,8.36096967248041,42.9019125941161,3.27607106344065,3.87483355069221,6.08591603138449,0.122789351012816,-70949.1580886367,p0116
0.806125358863632,42.2228959302156,67.0215078498617,6.49880504531946,8.1877881591359,42.8828547361444,1.47288184394001,3.7312901900931,5.06439287911165,0.392555279098171,-50161.8629482413,p0117
0.867854668199627,42.2228959302156,66.6390044135842,6.49880504531946,8.16439015961558,46.0346941770252,5.2954264968209,5.30406155171335,6.6958236067703,-0.0618422252960182,-85176.2737818899,p0118
0.796377538617975,42.2228959302156,68.7213365267132,6.49880504531946,8.29096915021701,42.8981743076336,1.26713925981615,3.94145592053615,5.17238105183958,0.36637397421422,-52179.3101316052,p0119
0.788657871948248,42.2228959302156,69.3607528760888,6.49880504531946,8.32945142430134,42.6795223400664,7.19694240375698,7.20017427440696,8.83292613402642,-0.847826454587964,-145741.691608927,p0120
0.792108396204324,42.2228959302156,69.8394487834692,6.49880504531946,8.35814501684918,43.0139203588512,3.86334284822699,4.05199253011,6.39999390303843,0.0299120641410751,-78105.9832212426,p0121
0.787581764190724,42.2228959302156,70.4353895327061,6.49880504531946,8.39372933731485,42.9501930921299,4.04712442109328,4.1935397837831,6.56788515113286,-0.0216522199179996,-82079.3611754075,p0122
0.791117972471657,42.2228959302156,70.0677943156109,6.49880504531946,8.37179767029679,43.0303107556595,4.5625457236522,4.60195943260765,6.85907371406114,-0.11425072057307,-89214.7039384343,p0123
0.810883174405037,42.2228959302156,67.5144351586887,6.49880504531946,8.21784262037797,43.2942894884219,3.24179639699049,3.62235910969691,5.80155117116113,0.202849656564776,-64779.9683308691,p0124
0.787612197104245,42.2228959302156,70.4023809806979,6.49880504531946,8.3917623053906,42.941787159276,5.08051757091229,5.09772117348779,7.2493697229973,-0.244665014630168,-99264.0101659926,p0125
0.815891658356228,42.2228959302156,66.6079247658482,6.49880504531946,8.16248604981265,43.2682622048323,2.85457436569708,3.48776822850852,5.51750768877526,0.278995662779528,-58912.4018958387,p0126
0.793686498264083,42.2228959302156,69.5510086608886,6.49880504531946,8.34086739816386,43.0105223707933,6.39874465044387,6.40279275468459,8.16681045152277,-0.579635680634873,-125075.772781957,p0127
0.833856673956204,42.2228959302156,64.4190452906741,6.49880504531946,8.02724729785128,43.4883128745674,2.38008318462671,3.21426504812254,5.03290288377371,0.400085880434105,-49581.5790196304,p0128
0.795426931178856,42.2228959302156,69.7006726379372,6.49880504531946,8.34983676162999,43.151190705958,5.5120470426265,5.51984577270574,7.48357199179405,-0.326385803781091,-105561.151451562,p0129
0.791367615255303,42.2228959302156,69.1001629374463,6.49880504531946,8.31378973014617,42.7456394253659,2.38654495658023,3.82831283067095,5.61492447382053,0.253310883772254,-60891.5883914406,p0130
0.789991437523062,42.2228959302156,69.8436518637004,6.49880504531946,8.35839651815804,42.9002538503035,6.19247199658863,6.19702228063647,8.03820561579781,-0.530277544880693,-121272.393523561,p0131
0.797725116977471,42.2228959302156,69.0823091376342,6.49880504531946,8.31271562033005,43.0834722806602,3.63149827155537,3.8906410994317,6.19080287223225,0.092292478796745,-73299.1490163783,p0132
0.782210316459001,42.2228959302156,70.89679722495,6.49880504531946,8.42117725309553,42.79675653075,1.48604404503431,4.1210568990494,5.45293563114837,0.295772913194028,-57619.6009165388,p0133
0.805534349430132,42.2228959302156,69.13609322271,6.49880504531946,8.3159509263198,43.5221648836792,6.42987325252226,6.43378540289824,8.10295806659941,-0.555031410862611,-123179.846854247,p0134
0.807330576028859,42.2228959302156,69.1178134124456,6.49880504531946,8.31485147126243,43.613446185143,5.05320799753094,5.06409399666502,7.04618535369926,-0.175872164731273,-93963.0543167989,p0135
0.847162644706409,42.2228959302156,67.7288170120346,6.49880504531946,8.23087953608221,45.303061403303,5.56001208378607,5.56691350441165,7.08938110891856,-0.190333429297651,-95077.3928723689,p0136
0.810493220181285,42.2228959302156,68.6938888708299,6.49880504531946,8.28931325695924,43.6498189119182,4.49236135694254,4.51609014783598,6.61804030952967,-0.0373153374166471,-83286.3106540683,p0137
0.791841054873708,42.2228959302156,69.9546993537564,6.49880504531946,8.36503856997205,43.0348675506248,4.26755748627653,4.34272486284625,6.65731981216144,-0.0496652611096942,-84237.956069747,p0138
0.800839759013829,42.2228959302156,67.6900787034515,6.49880504531946,8.22852532430751,42.8136391377714,2.45441387670395,3.67986685332391,5.50543766073882,0.28214673180219,-58669.5906474104,p0139
0.816155238984071,42.2228959302156,69.0228741514867,6.49880504531946,8.30913892712786,44.0598790848608,5.75408830414447,5.75927388501108,7.49903621299917,-0.331873214400473,-105983.993672265,p0140
0.789886750606716,42.2228959302156,69.202850786183,6.49880504531946,8.31996488377131,42.6973410303409,2.18227031814363,3.86680723317962,5.54917727209787,0.270695017033847,-59552.0229710278,p0141
0.794669076315759,42.2228959302156,69.2832816419251,6.49880504531946,8.32479840986072,42.980805143867,6.82097604713975,6.82451397205794,8.48942174238393,-0.706900484494858,-134882.389420308,p0142
0.805659217131039,42.2228959302156,68.4775719868746,6.49880504531946,8.27625145261452,43.3211089154801,3.81169397281213,3.94501106682875,6.21186453719835,0.0861057684845221,-73775.877023214,p0143
0.842498754036238,42.2228959302156,67.991286813262,6.49880504531946,8.2468126975193,45.1408680346611,5.70231553114425,5.70879124838503,7.24215776484359,-0.242189763051064,-99073.2752370609,p0144
0.788472867503776,42.2228959302156,70.3481849687557,6.49880504531946,8.3885316787827,42.9721625681579,4.63160383274861,4.66931840267844,6.93386687398792,-0.13868337940745,-91097.4060789884,p0145
0.877284985277272,42.2228959302156,66.1909846710417,6.49880504531946,8.1368989275468,46.3782252781185,5.3583711751218,5.36771033216762,6.66104884349278,-0.050841509514858,-84328.5939902958,p0146
0.791700662514942,42.2228959302156,69.7895433076134,6.49880504531946,8.35515822533272,42.9764160109349,6.05176661820547,6.05662250669302,7.91729034564132,-0.48458520042742,-117751.48835756,p0147
0.819749753362096,42.2228959302156,68.8501324327901,6.49880504531946,8.29873488262801,44.1985165347151,6.27823449206776,6.28277211685617,7.87986190430802,-0.47058183156334,-116672.433772708,p0148
0.823576612016577,42.2228959302156,68.5893679563603,6.49880504531946,8.28300457043313,44.3206798806304,4.9087483893742,4.91855401104199,6.80196404544298,-0.0957731310511454,-87790.8802939828,p0149
0.799079341590775,42.2228959302156,69.4840802972958,6.49880504531946,8.33685325819022,43.2819250121771,5.83808066029495,5.84325317215637,7.69586330435171,-0.402706060170627,-111442.14504486,p0150
0.794705337673904,42.2228959302156,68.7468964154809,6.49880504531946,8.2925108587958,42.8160586586012,2.64146968177791,3.76996525866201,5.68463165985678,0.234656069975516,-62329.068368746,p0151
0.788135149118523,42.2228959302156,69.6965590687372,6.49880504531946,8.34959036416478,42.7543564459114,6.72325753142181,6.72699049289458,8.46244255170753,-0.696068740981415,-134047.730088431,p0152
0.807136125355932,42.2228959302156,68.5155294353046,6.49880504531946,8.27854491788773,43.4125506541636,4.01876616517927,4.09621105455278,6.32959758180429,0.05113553523665,-76470.5707705355,p0153
0.974440354232309,42.2228959302156,48.8452332212564,6.49880504531946,6.98989407246703,44.2527600807417,-0.617613211869772,1.35979117359194,1.71582489475611,0.930273492506752,-8727.02614797033,p0154
0.855043682974698,42.2228959302156,67.4036348364897,6.49880504531946,8.21109655566964,45.6146103900105,5.79510721459752,5.80235808682815,7.20975572508283,-0.231099299803502,-98218.6797942375,p0155
0.865215939127804,42.2228959302156,66.9469081848683,6.49880504531946,8.18323009758538,46.0006302835151,5.88028751667845,5.88839669219497,7.19349183824227,-0.225551295969431,-97791.1684552132,p0156
0.793253461700032,42.2228959302156,69.1945543410262,6.49880504531946,8.31946614563755,42.8767582625153,7.08754666643317,7.09084303178333,8.71190286304199,-0.797537800830128,-141866.609624717,p0157
0.788299382917516,42.2228959302156,70.3661282992267,6.49880504531946,8.38960141924156,42.9681863553223,4.18972522687795,4.29232894842728,6.64879304803025,-0.0469781387946018,-84030.895063049,p0158
0.819322145142414,42.2228959302156,65.734253691482,6.49880504531946,8.10877722048677,43.1642868598508,2.50076557699639,3.41618338580525,5.2803791883809,0.33963780174697,-54239.5136270792,p0159
0.801598554058751,42.2228959302156,68.9349973246008,6.49880504531946,8.303847831035,43.2464850555736,7.09256614518838,7.09586314775607,8.65848818602541,-0.7755631397583,-140173.312889461,p0160
0.783623117447518,42.2228959302156,70.5288100683268,6.49880504531946,8.39929391826493,42.7626416975254,1.43977706151748,4.10289589360515,5.41289022522751,0.306078374188536,-56825.4952236104,p0161
0.791525080735081,42.2228959302156,69.6105976729866,6.49880504531946,8.34443972331764,42.9117642708478,6.50603002281837,6.50996404188454,8.26670380014433,-0.61851503109279,-128071.690533957,p0162
0.851998418430793,42.2228959302156,66.7814243240717,6.49880504531946,8.17310991109026,45.241879195091,4.35407455715728,4.36990024231997,6.12197085205326,0.112364836951668,-71752.4376281333,p0163
0.818801445960458,42.2228959302156,65.8820849451215,6.49880504531946,8.1178901062984,43.185333388841,2.55741215551528,3.4261064705619,5.31739325523629,0.330347423881969,-54955.4002774663,p0164
0.795007577060015,42.2228959302156,69.0150480347462,6.49880504531946,8.30866785043438,42.915796133806,7.2528961261888,7.25607053491163,8.83237532686618,-0.847596006762959,-145723.934040405,p0165
0.795653189424467,42.2228959302156,69.5622309203588,6.49880504531946,8.34154028274497,43.1205773729299,4.27059874138844,4.33535440734113,6.61679572864867,-0.0369252214965172,-83256.2495754575,p0166
0.79760441514163,42.2228959302156,68.9353804400414,6.49880504531946,8.30387090587378,43.0311196249697,7.26038823801412,7.26356047078428,8.82095655170183,-0.842821833339228,-145356.051584993,p0167
0.798491765549872,42.2228959302156,69.2207149588521,6.49880504531946,8.32103868128805,43.1680559206156,6.68378138830311,6.68742779886669,8.35346830331352,-0.652668088181208,-130703.415313593,p0168
0.802840629313033,42.2228959302156,68.5883292048579,6.49880504531946,8.28294184922521,43.2044482172678,3.64648690661039,3.85999136725132,6.13996705696528,0.107138564751061,-72155.1573618266,p0169
0.90724087325798,42.2228959302156,64.0557488550586,6.49880504531946,8.00458013793967,47.1819268266593,4.81934232920075,4.83096825629849,5.92797196501313,0.167729952107948,-67486.1798490136,p0170
0.816128098285738,42.2228959302156,65.9338618524563,6.49880504531946,8.12107941560811,43.0612463420833,2.2418573066811,3.47245375798237,5.20194091489174,0.359111006342418,-52738.9710858922,p0171
0.907382125606972,42.2228959302156,59.7853273375227,6.49880504531946,7.73315662378789,45.5891541039565,2.26998286128028,2.47676968934322,3.99784157394105,0.621467526132099,-32522.6211280519,p0172
0.787978379464268,42.2228959302156,69.7786600943099,6.49880504531946,8.35450673436332,42.7710215154695,6.6077744453365,6.61163770193938,8.37389969572293,-0.660762355806288,-131327.133554299,p0173
0.800456557016608,42.2228959302156,69.409700351763,6.49880504531946,8.33238992843063,43.3333095982201,5.04510075612941,5.05804618434999,7.10063509307695,-0.194115600416573,-95368.8348193876,p0174
0.824190817593282,42.2228959302156,67.8416949396288,6.49880504531946,8.23773553830334,44.1113272135691,4.16003766731064,4.19314614845082,6.25682426124864,0.0728288769948032,-74798.95159717,p0175
0.786664216411582,42.2228959302156,70.0028112200315,6.49880504531946,8.36791463438416,42.7682169519627,2.52083102948107,3.89658304477448,5.74837910419244,0.217394695519468,-63659.1743902642,p0176
0.787767610589593,42.2228959302156,70.1478364809027,6.49880504531946,8.37657808016189,42.8725454592773,5.86978953545649,5.87586133052925,7.81537399508931,-0.446610170559334,-114825.254642888,p0177
0.919354079656976,42.2228959302156,63.2976510834846,6.49880504531946,7.95707217877188,47.5281175006118,4.78635536770897,4.79892336827583,5.776981021128,0.209587381840613,-64260.7808824104,p0178
0.79279721286984,42.2228959302156,69.1880037501699,6.49880504531946,8.31907233784986,42.8500687688448,7.12671510032884,7.1299832373967,8.74647530517013,-0.811832859365889,-142968.140877908,p0179
0.791150461295613,42.2228959302156,70.0210574879048,6.49880504531946,8.3690051139046,43.0177237944118,5.40060276785961,5.4105416034709,7.44143911387506,-0.311492612373896,-104413.530002252,p0180
0.82030629675657,42.2228959302156,68.8290355599463,6.49880504531946,8.29746334717749,44.2217470198665,5.17960629937172,5.18723970821804,7.03112785169777,-0.170851922346285,-93576.2105783263,p0181
0.786935280365512,42.2228959302156,69.9933902026352,6.49880504531946,8.36735153612757,42.7800747893428,2.57875638108831,3.89028535971503,5.77114555588134,0.211183404326031,-64137.7965207804,p0182
0.79917849582536,42.2228959302156,67.9995334413631,6.49880504531946,8.24731280818401,42.8223763811394,2.53787444996625,3.70379547214854,5.56942396779877,0.265363432570862,-59962.8577290887,p0183
0.78869093150753,42.2228959302156,69.2847371751432,6.49880504531946,8.32488585488854,42.6579167759901,2.01372944902078,3.90445313573847,5.49971870619145,0.283637344600355,-58554.7288173957,p0184
0.799715801414881,42.2228959302156,68.0500978598285,6.49880504531946,8.25037858716575,42.8670959154641,1.42373541092267,3.84919861486243,5.15420454380995,0.370819459580932,-51836.7553211589,p0185
0.785352062147725,42.2228959302156,70.123304625972,6.49880504531946,8.37511323835206,42.7336101842847,2.31945964514514,3.92917499095006,5.67968953668024,0.235986245794433,-62226.569296559,p0186
0.793390990385456,42.2228959302156,69.8843474029918,6.49880504531946,8.36083124136387,43.0974157945546,4.90367736266224,4.92297970567062,7.068130121976,-0.183207885687278,-94528.3213898586,p0187
0.785248140430178,42.2228959302156,70.7127737234726,6.49880504531946,8.41024092374063,42.907169056942,3.7817844203542,4.06363212362629,6.43608770464154,0.0189392738408861,-78951.5111650515,p0188
0.943293495221014,42.2228959302156,61.6266250783331,6.49880504531946,7.85133833892202,48.1177199720797,3.58449707923204,3.61129359203322,4.52357163924838,0.515364829327854,-40698.5538313245,p0189
0.79184659783729,42.2228959302156,69.6065869268287,6.49880504531946,8.34419932952155,42.9279582674199,3.28768048625864,3.85034865699362,6.06485031158481,0.128851574683013,-70482.02262222,p0190
0.812000815818147,42.2228959302156,66.0241573490344,6.49880504531946,8.12663836505991,42.872805880561,2.25609930948047,3.51574000507212,5.25275409783917,0.346529294012228,-53708.4773887654,p0191
0.798704047538106,42.2228959302156,68.318775654367,6.49880504531946,8.26664976012829,42.89729732878,1.38407399533579,3.87780797411348,5.16359736536337,0.368524181864393,-52013.6220428443,p0192
0.794630012721685,42.2228959302156,69.6882564679803,6.49880504531946,8.3490930269873,43.1041188996441,4.36715640253134,4.42052811510011,6.69141013860891,-0.0604428866527889,-85068.4452448147,p0193
0.889824557578556,42.2228959302156,64.4446523581337,6.49880504531946,8.02884258569551,46.4164410742773,4.06399123314443,4.082107917372,5.50914611195506,0.281179317187716,-58744.1365074341,p0194
0.838038457238064,42.2228959302156,67.3268107731658,6.49880504531946,8.20641587599296,44.6819356177416,4.22431464091459,4.24651275686358,6.1669011386063,0.0992879854522706,-72760.0977635492,p0195
0.789244012848856,42.2228959302156,69.5108388188381,6.49880504531946,8.33845837689737,42.7574276129101,6.90690806409959,6.91041702274905,8.5979217563989,-0.750809765662134,-138265.89746191,p0196
0.79228104590049,42.2228959302156,69.7526193452874,6.49880504531946,8.35294767666437,42.9965426183743,6.06339254643051,6.06820205367401,7.92131044782765,-0.48609321621543,-117867.691206023,p0197
0.844444152712207,42.2228959302156,66.9659943493736,6.49880504531946,8.18439650952052,44.9026634233109,4.1856775166416,4.20751670197962,6.07482178391157,0.125984637167495,-70702.93961017,p0198
0.790807025613417,42.2228959302156,69.2360297187448,6.49880504531946,8.32195912585247,42.7573327124069,2.43984330052764,3.83468616427146,5.64775137158818,0.244554527761563,-61566.325034576,p0199
0.812289004054113,42.2228959302156,66.0772465822465,6.49880504531946,8.12990497476183,42.9052613295598,1.92374540561274,3.55245315982336,5.1176572998745,0.379710565512957,-51151.6352822968,p0200
0.783382244264035,42.2228959302156,70.6473899048213,6.49880504531946,8.40635180434571,42.7854193428451,2.63724749359202,3.94353776232533,5.85273623972618,0.188721646463598,-65868.6273687397,p0201
0.859194035381959,42.2228959302156,65.9948557947306,6.49880504531946,8.12483486183791,45.3544916918165,3.99847835906043,4.02363326680334,5.78762451522106,0.206672190733918,-64485.4161369647,p0202
0.812971222838155,42.2228959302156,68.9917400239635,6.49880504531946,8.30726471532915,43.8780916053222,5.09751827277461,5.10667814957639,7.03158199019295,-0.171003177198542,-93587.8657909678,p0203
0.93398874266958,42.2228959302156,55.2834444052508,6.49880504531946,7.43630248881593,45.1245825228167,1.21389554447525,1.84693057600295,2.95477878744414,0.793223143737946,-19287.685417179,p0204
0.81171449151753,42.2228959302156,65.9472391857742,6.49880504531946,8.12190321747057,42.8327163676318,1.7408215826429,3.58087156854114,5.05323284277714,0.395229493364808,-49955.7965942588,p0205
0.789257728293731,42.2228959302156,70.0328779561829,6.49880504531946,8.36971148273413,42.91843116432,3.44768563460108,3.91206370575955,6.18913950341994,0.0927801859895394,-73261.5678680448,p0206
0.791694698570524,42.2228959302156,69.2488890878182,6.49880504531946,8.32273191839752,42.8093023716837,1.79642713936695,3.90880487771681,5.39261817132648,0.311266314139529,-56425.729249837,p0207
0.79903859869998,42.2228959302156,69.1505169611718,6.49880504531946,8.31681835200294,43.1757095051709,6.80965360101791,6.81316565388862,8.44946010387065,-0.690868768568079,-133647.036931793,p0208
0.79868124443934,42.2228959302156,68.1392694272561,6.49880504531946,8.25578238789349,42.8396812498037,1.9596086607701,3.77016073299222,5.34068057097871,0.32446914564148,-55408.3615004408,p0209
0.817678144596293,42.2228959302156,67.6708662692068,6.49880504531946,8.22735749274348,43.7076308324036,3.75822365034507,3.86032622765178,6.05002029257988,0.133106701133813,-70154.1362578438,p0210
0.788004786246559,42.2228959302156,70.1618893673868,6.49880504531946,8.37741708826138,42.889748688944,5.77981009149063,5.78646369800047,7.7467085019001,-0.421302146413548,-112875.099665673,p0211
0.805351339663338,42.2228959302156,68.8696910559459,6.49880504531946,8.29991353179647,43.4283631990115,4.40064889112996,4.43431614661691,6.6031485861778,-0.0326523155400078,-82926.9931795311,p0212
0.792863717580882,42.2228959302156,69.6141984000461,6.49880504531946,8.34465553572535,42.9854488733764,3.55340648108891,3.90390420594574,6.20426419516075,0.0883407365763536,-73603.6575673175,p0213
0.924883943811319,42.2228959302156,56.7768876567744,6.49880504531946,7.53607638173595,45.2842354219716,1.52942385607273,2.01791135578447,3.28183638753841,0.744914463177226,-23010.1970322895,p0214
0.795724824162193,42.2228959302156,68.4038091411376,6.49880504531946,8.271792734748,42.7638757084198,2.40199795085831,3.75992766502307,5.55594706692218,0.268914480393303,-59689.2254002522,p0215
0.841558682964713,42.2228959302156,66.9292533826513,6.49880504531946,8.18215101238987,44.7369532638737,4.04519739157097,4.07472299693456,6.00348771314576,0.146390508565289,-69130.5287636501,p0216
0.797253173384202,42.2228959302156,69.5694736777184,6.49880504531946,8.34197452830429,43.2095381044529,4.79964349925456,4.82003869828357,6.95772025299701,-0.146531284802794,-91702.1404383078,p0217
0.788498405269275,42.2228959302156,70.3064841497815,6.49880504531946,8.3860450439378,42.960815623574,3.96994854943481,4.13851664168895,6.50908905439222,-0.00344231215294255,-80676.1642265628,p0218
0.869327611748755,42.2228959302156,57.186961130743,6.49880504531946,7.56324223365964,42.717516116329,0.425298269353725,2.88604023415431,3.76240660298909,0.664738688942323,-29188.2844355411,p0219
0.820507270337458,42.2228959302156,66.5619583698987,6.49880504531946,8.15966908155302,43.4980198980184,3.05417024502445,3.47062779196775,5.57824079703181,0.263035618374004,-60142.2316073451,p0220
0.7909477487976,42.2228959302156,69.4606771849849,6.49880504531946,8.33544916142598,42.8342640181522,2.83283441018654,3.82666340320891,5.83438050476938,0.19380243527841,-65477.1181170372,p0221
0.828879026909936,42.2228959302156,68.6027221426403,6.49880504531946,8.28381087180169,44.6103708556315,5.72575403054785,5.73147509998927,7.3748990216767,-0.288143183495045,-102614.298079566,p0222
0.812198161958789,42.2228959302156,68.2766096149038,6.49880504531946,8.26409829695052,43.6085839363304,4.08745062075699,4.14203295674263,6.32373230375743,0.0528932379323636,-76335.1278516903,p0223
0.790763350432037,42.2228959302156,69.3230195146077,6.49880504531946,8.32718543852448,42.7818220343965,7.069820361073,7.07314763256489,8.71576911774702,-0.799133613180488,-141989.577794015,p0224
0.882789669260353,42.2228959302156,60.1666566684943,6.49880504531946,7.75777965666893,44.4947929650338,1.90338956663246,2.55727089423167,4.12587669604992,0.596833468288331,-34420.8424287862,p0225
0.809703685961687,42.2228959302156,69.1893701600387,6.49880504531946,8.31915448508495,43.7642825544515,5.63971247582052,5.64518687303365,7.46257715479558,-0.318954007402032,-104988.481115277,p0226
0.798706003426413,42.2228959302156,69.1774812779272,6.49880504531946,8.31843970985406,43.1661514320254,6.76813933259523,6.77169463169939,8.41877570490595,-0.678610213914635,-132702.432120561,p0227
0.802744392674524,42.2228959302156,69.3777575998047,6.49880504531946,8.33047240038742,43.4471625072942,5.74829358921449,5.753620787217,7.59928994730668,-0.367722569259152,-108746.429704603,p0228
0.804936108503231,42.2228959302156,67.7404426571136,6.49880504531946,8.23158592062046,43.0486397642635,2.96480415287231,3.64114488633131,5.71455358918709,0.226577855349765,-62951.5496169332,p0229
0.792502660646013,42.2228959302156,69.1181035700245,6.49880504531946,8.31486892417739,42.8125054562075,2.67682799414962,3.80275208387549,5.73423026203938,0.221242504246196,-63362.674620208,p0230
0.794510353205288,42.2228959302156,69.7875864096266,6.49880504531946,8.35504108524158,43.1283316562008,5.24627688250575,5.2575720859312,7.29912598571602,-0.261809238367008,-100585.08892972,p0231
0.788879150820538,42.2228959302156,69.2680553836809,6.49880504531946,8.32388359684676,42.6629600511693,7.3134050072585,7.31654683184447,8.92473663542805,-0.886439152430369,-148717.061967644,p0232
0.811247088567418,42.2228959302156,69.1455141812727,6.49880504531946,8.31651750129305,43.8338043508397,5.49068558155276,5.49681774311649,7.33814891953553,-0.275337192746774,-101627.509602834,p0233
0.825647251932459,42.2228959302156,68.6106050157698,6.49880504531946,8.28428678844429,44.4389892661735,6.47108825200836,6.47577897093377,7.98939957562013,-0.511751010267408,-119844.798327724,p0234
0.816287167375926,42.2228959302156,68.841765481894,6.49880504531946,8.29823061913245,44.0091496642298,4.99573708416088,5.005518747015,6.92847393714592,-0.136912806195222,-90960.9713995183,p0235
0.799717290187249,42.2228959302156,68.679414794353,6.49880504531946,8.28843991526368,43.0649341144645,3.36907570308566,3.77647458938651,6.01025070931003,0.144466224001676,-69278.8079456871,p0236
0.810266403876077,42.2228959302156,69.0151586190237,6.49880504531946,8.3086745070092,43.7395273518537,5.02021406885466,5.03089697769603,6.99725297117792,-0.159597134776826,-92708.9528315482,p0237
0.810876837448894,42.2228959302156,69.0836911623141,6.49880504531946,8.31279876984279,43.7942073699298,6.14350121720008,6.14791588316041,7.83969256785041,-0.455626815839182,-115520.048340293,p0238
0.825572166849026,42.2228959302156,64.567636200398,6.49880504531946,8.03649991050701,43.1058779479248,1.22467966646689,3.4628479970175,4.69878883545765,0.477093741824055,-43647.6007956011,p0239
0.79125902215062,42.2228959302156,69.9526704168224,6.49880504531946,8.36491726104691,43.0026116886419,5.63137606684589,5.63875249460358,7.60807067369901,-0.370885111046509,-108990.125007395,p0240
0.891342133128361,42.2228959302156,61.2523518370999,6.49880504531946,7.82746050148314,45.3293851658791,2.47162569420117,2.67922720848985,4.35033458572933,0.551773733401139,-37893.0007354189,p0241
0.832533396462436,42.2228959302156,68.3906890543382,6.49880504531946,8.27099941750095,44.7377524458784,6.40183646920734,6.40706582089238,7.88172508219299,-0.471277346156982,-116726.027891265,p0242
0.864678806845924,42.2228959302156,59.9050625311798,6.49880504531946,7.74089654851711,43.4871139050763,1.05419990240543,2.87561715657193,4.0329974070751,0.614780849888725,-33037.874902188,p0243
0.818263408252847,42.2228959302156,68.6196334460979,6.49880504531946,8.28483183279788,44.0444646698692,4.74952551201754,4.76268009203339,6.73138861052313,-0.0731521755582516,-86047.7821884291,p0244
0.802982077812649,42.2228959302156,69.2650996751386,6.49880504531946,8.32370600245511,43.424726548193,4.97382628296388,4.98728936607112,7.02691186810184,-0.169448217945062,-93468.0456299757,p0245
0.854594929963082,42.2228959302156,67.2579858217573,6.49880504531946,8.20222029191013,45.5413865563666,5.2820031469982,5.28963948990189,6.80423881739454,-0.0965061695592273,-87847.3658847501,p0246
0.810024426635498,42.2228959302156,67.9658061500338,6.49880504531946,8.24526724987254,43.3927685653036,3.58196156766848,3.77736673157376,6.01943632094372,0.141849159712258,-69480.470506158,p0247
0.797455160441465,42.2228959302156,69.1794912258708,6.49880504531946,8.3185605548822,43.0991755974936,6.83752628377161,6.84102038724306,8.48267656122563,-0.704189162233034,-134673.463643516,p0248
0.835391132059131,42.2228959302156,68.1756292133963,6.49880504531946,8.25798477757787,44.8206805626011,4.9883499139326,4.99672074249375,6.75579742756109,-0.0809490414317953,-86648.583606287,p0249
0.786646865071298,42.2228959302156,70.5574979750823,6.49880504531946,8.40100196964697,42.9363784899996,4.04172191217664,4.19504971042925,6.57595262609667,-0.0241635962663058,-82272.8797629155,p0250
0.795245026603145,42.2228959302156,69.5498253189152,6.49880504531946,8.3407964420364,43.0946136889853,6.21235352836198,6.21671316710199,8.0110442660437,-0.519953305395743,-120476.840820531,p0251
0.79021104685772,42.2228959302156,70.1560373220859,6.49880504531946,8.37706771022256,43.0080379551189,5.0648139159844,5.08119056401187,7.21215622027234,-0.231919227700101,-98281.8608019408,p0252
0.822434310007683,42.2228959302156,68.6932103298903,6.49880504531946,8.28927231698345,44.2926979563599,6.59748542439504,6.60186179535828,8.11526489231813,-0.559758581726319,-123544.107443493,p0253
0.801625334742314,42.2228959302156,69.361773067001,6.49880504531946,8.32951268084086,43.3815970256976,6.10082838842799,6.10528511354861,7.87664788922739,-0.469382442961994,-116580.012743035,p0254
0.790331266860976,42.2228959302156,69.8175331376596,6.49880504531946,8.35683351939832,42.9106824944583,6.2054197941412,6.20992744983093,8.04526562025631,-0.532966829358537,-121479.62113957,p0255
0.873914021638917,42.2228959302156,64.2399663072942,6.49880504531946,8.01608203059949,45.5140380412677,3.42367006885062,3.47437334462346,5.21117097160686,0.356834667612546,-52914.3784301525,p0256
0.796984007496391,42.2228959302156,68.9759279228238,6.49880504531946,8.30631269674717,43.0102920047412,7.22453147482358,7.22772719282398,8.79614090805016,-0.832467744565675,-144558.198791746,p0257
0.788819484291605,42.2228959302156,70.1929107302742,6.49880504531946,8.37926887830399,42.9435816920266,5.48761831123283,5.49699258064902,7.52612769000197,-0.34151381041772,-106726.867007538,p0258
0.788737617340095,42.2228959302156,69.8057335443552,6.49880504531946,8.35612731137958,42.8205370807807,1.91546978125913,3.93943828738045,5.48238814714229,0.288144994942965,-58207.3837737626,p0259
0.791710825762025,42.2228959302156,69.9949173680008,6.49880504531946,8.36744281803097,43.0401567631989,4.44887162152473,4.49819591579046,6.77716448646679,-0.0877974488660829,-87176.2998660407,p0260
0.821925715116543,42.2228959302156,67.8066648005659,6.49880504531946,8.23560848146841,43.9787385491158,4.06821877162343,4.11082931893151,6.21469931745207,0.0852714681112126,-73840.1655277661,p0261
0.946698318075326,42.2228959302156,60.3961364639771,6.49880504531946,7.77255993127847,47.8068570345856,2.99186186038708,3.05279549328638,3.99456577322998,0.622087605193334,-32474.8398291023,p0262
0.873644746557094,42.2228959302156,66.0643065094682,6.49880504531946,8.12910888595311,46.1415647693442,4.81671188344619,4.82692378298102,6.26137255473009,0.0714804040461052,-74902.8605873542,p0263
0.853363943584032,42.2228959302156,60.6265828686504,6.49880504531946,7.7873742329037,43.1757452643306,1.07534420389949,3.02753658451755,4.20170839386376,0.581877248395194,-35573.320650591,p0264
0.80687345458634,42.2228959302156,68.9762462722041,6.49880504531946,8.30633186507537,43.5440895321469,4.6938940202809,4.7122660171263,6.79290837651699,-0.0928573986971186,-87566.2033326492,p0265
0.793465528635516,42.2228959302156,69.3819328067496,6.49880504531946,8.33072306374227,42.9462521274098,6.73812618332484,6.74177194181507,8.43295137804989,-0.684267916205679,-133138.396470007,p0266
0.796928948956286,42.2228959302156,68.9409236835593,6.49880504531946,8.30420476530102,42.9964065311094,3.2715009930258,3.78555104517445,5.98946786442042,0.150372694515896,-68823.6743167349,p0267
0.796224908190871,42.2228959302156,67.9857667352247,6.49880504531946,8.24647791952199,42.6597953567475,1.39074651979427,3.89105896898183,5.1791165109761,0.364722687932215,-52306.5529437311,p0268
0.791805954106221,42.2228959302156,70.015245019763,6.49880504531946,8.36865774993375,43.0515783458614,5.04963658627456,5.0656857844242,7.18566725584329,-0.222886606286714,-97585.8360350468,p0269
0.789603290786716,42.2228959302156,70.0244821740787,6.49880504531946,8.36920977280786,42.9346484299004,3.53402056755267,3.93117605116401,6.23437106822963,0.0794714156836325,-74287.0989210882,p0270
0.796109020266647,42.2228959302156,69.2345127513021,6.49880504531946,8.32186795792838,43.0435292633586,6.81465280258269,6.81817981681048,8.47406885590085,-0.700732301574796,-134407.089074748,p0271
0.834009532168252,42.2228959302156,68.3248374983907,6.49880504531946,8.26701649701313,44.7954936075141,6.54589659767074,6.55112841359726,7.98783503090641,-0.511158983183694,-119799.178623978,p0272
0.827840274308707,42.2228959302156,66.7891868745942,6.49880504531946,8.17358491095512,43.9616148886854,3.45832712006239,3.60671430974002,5.74881548641091,0.217275869674599,-63668.3307278533,p0273
0.783370397586826,42.2228959302156,70.6584299835411,6.49880504531946,8.40700860964554,42.78811518243,1.533371998128,4.09157032416928,5.44576213523321,0.297624557004461,-57476.9191974071,p0274
0.813776946986379,42.2228959302156,69.0831502758308,6.49880504531946,8.31276622750741,43.9506657576727,5.78111688020885,5.78622860619484,7.53830399183642,-0.345858113741338,-107061.625055037,p0275
0.807677097077263,42.2228959302156,68.2643524735056,6.49880504531946,8.26335647066136,43.3619459648881,3.72914706976874,3.88040468816367,6.13758049575806,0.107832527542187,-72101.6828201824,p0276
0.789747529963525,42.2228959302156,69.3781328519577,6.49880504531946,8.33049492939085,42.7438452160337,7.07075843222916,7.07409559069193,8.72404511434035,-0.802551944396131,-142252.983407805,p0277
0.789331451912322,42.2228959302156,70.2005370912119,6.49880504531946,8.37972406382443,42.9737877014401,3.96413635255636,4.12997860691075,6.49540103767321,0.000773544525780046,-80351.3038645734,p0278
0.830452697432232,42.2228959302156,68.5396263164681,6.49880504531946,8.28000057018976,44.6745076220908,5.74102723327652,5.74681265760419,7.37379825434116,-0.287758679214949,-102584.669415895,p0279
0.797116500260849,42.2228959302156,69.6091349813642,6.49880504531946,8.34435205415086,43.2144436267602,5.00842091314835,5.02325261832661,7.10545028139113,-0.195735692425383,-95493.6739011084,p0280
0.787259334649691,42.2228959302156,70.4750249804872,6.49880504531946,8.39609066755975,42.9446874679145,4.78756663158985,4.8164098244761,7.05190330526352,-0.177781370301488,-94110.1715600824,p0281
0.799672858972709,42.2228959302156,69.2789523216938,6.49880504531946,8.32453830900838,43.2500904800151,4.45363655756157,4.49006151042253,6.69600969822535,-0.0619012479113727,-85180.8218748757,p0282
0.794592087386839,42.2228959302156,68.483226644798,6.49880504531946,8.27659315868994,42.727782236021,2.29400567795833,3.78249824797531,5.52385917212564,0.277334737913114,-59040.3874262919,p0283
0.804370982991518,42.2228959302156,69.1636445201916,6.49880504531946,8.31760774843403,43.4679680135061,6.44136204975367,6.44525382868918,8.1204525415399,-0.56175335742929,-123697.818446105,p0284
0.789621685914933,42.2228959302156,69.3638154945751,6.49880504531946,8.3296353154016,42.7326241201061,7.10379693460451,7.10710366121449,8.75130813494046,-0.813835654457535,-143122.469828829,p0285
0.794408339362786,42.2228959302156,69.5068173184773,6.49880504531946,8.33821716560598,43.0359609119481,3.71963337770992,3.95885456604521,6.2843825384337,0.0646434116067345,-75429.697244298,p0286
0.800342394789215,42.2228959302156,69.3797056785763,6.49880504531946,8.33058935647741,43.3177666477337,4.8635244362711,4.88034805077029,6.97287159321974,-0.15153016353709,-92087.3379625407,p0287
0.829940775285877,42.2228959302156,68.5361572813322,6.49880504531946,8.27979102734639,44.6458386968405,6.00947686057473,6.01490531546669,7.58822693095363,-0.363743217680234,-108439.793665258,p0288
0.786245824868768,42.2228959302156,70.2792615572798,6.49880504531946,8.38442135309073,42.8297910334989,2.95447791283882,3.89833674221762,5.96418604320405,0.157530188911219,-68272.1408094558,p0289
0.782968358328099,42.2228959302156,70.9034174120689,6.49880504531946,8.42157041943006,42.8402309920438,1.74027197591802,4.06669436121432,5.52036211750303,0.278249460701857,-58969.9018289586,p0290
0.906687518937115,42.2228959302156,58.7753094862034,6.49880504531946,7.6675561115431,45.1678177227472,1.8788777732137,2.29694509373821,3.76732685834415,0.663861245304954,-29255.8974213193,p0291
0.825844083144209,42.2228959302156,67.423362020493,6.49880504531946,8.21229804845892,44.0633256622734,3.8699580291706,3.93007682589783,6.04120697987612,0.135630539553152,-69959.6573832067,p0292
0.791010741935279,42.2228959302156,70.0882897898419,6.49880504531946,8.37302199467762,43.0307703641565,4.68512741853019,4.71607574994655,6.94262658650225,-0.141562246210471,-91319.2422994815,p0293
0.79690642331993,42.2228959302156,69.6243753436923,6.49880504531946,8.345265468667,43.2077838513648,5.45017646283572,5.4583403422423,7.42537049898703,-0.30583480437613,-103977.557507386,p0294
0.798221347152591,42.2228959302156,69.2631062871959,6.49880504531946,8.32358622716682,43.1666482984018,6.60581433996254,6.60955260678937,8.29394289313971,-0.629198736826469,-128894.942550457,p0295
0.832409258855068,42.2228959302156,66.2996127908097,6.49880504531946,8.14357305156433,44.0419365215443,3.30127585592631,3.48426002794332,5.59795122833869,0.257818364551515,-60544.2564138141,p0296
0.791634155110541,42.2228959302156,69.6938078202647,6.49880504531946,8.34942556388807,42.9433211392681,6.31120569165066,6.31544229073652,8.11550237226679,-0.559849870627562,-123551.141872736,p0297
0.787233480971584,42.2228959302156,70.2077103666659,6.49880504531946,8.38015218400666,42.8617569925287,3.16103195630664,3.89596793793757,6.05798773031243,0.13082192653789,-70330.1936428212,p0298
0.793400762928806,42.2228959302156,69.4542974037391,6.49880504531946,8.33506635805061,42.9651352605144,6.61661043196913,6.62039434612745,8.33825259999772,-0.646652956639434,-130239.908615195,p0299
0.800854141448208,42.2228959302156,69.3922630349267,6.49880504531946,8.33134321846841,43.3493869175584,5.07069521065401,5.08305110483546,7.11535909489992,-0.199073013207135,-95750.8371113063,p0300
